Datetime,Topic,Payload,Capacidade
06-08-2024 20:27:11,esp32/inputs/b,  1.00,vagaB
06-08-2024 20:30:51,esp32/inputs/b,  0.00,vagaB
06-08-2024 20:37:41,esp32/inputs/a,  0.00,vagaA
06-08-2024 20:40:11,esp32/inputs/a,  1.00,vagaA
06-08-2024 20:47:05,esp32/inputs/d,  0.00,vagaD
06-08-2024 20:52:33,esp32/inputs/d,  1.00,vagaD
06-08-2024 20:55:53,esp32/inputs/c,  0.00,vagaC
06-08-2024 21:00:11,esp32/inputs/b,  1.00,vagaB
06-08-2024 21:04:07,esp32/inputs/c,  1.00,vagaC
06-08-2024 20:34:08,esp32/inputs/c,  0.00,vagaC
06-08-2024 20:38:24,esp32/inputs/c,  1.00,vagaC
06-08-2024 20:43:04,esp32/inputs/b,  0.00,vagaB
06-08-2024 20:46:23,esp32/inputs/d,  1.00,vagaD
06-08-2024 20:52:57,esp32/inputs/a,  0.00,vagaA
06-08-2024 20:58:16,esp32/inputs/d,  0.00,vagaD
06-08-2024 21:03:46,esp32/inputs/c,  0.00,vagaC
06-08-2024 21:06:00,esp32/inputs/c,  1.00,vagaC
06-08-2024 21:11:32,esp32/inputs/c,  0.00,vagaC
06-08-2024 21:15:59,esp32/inputs/c,  1.00,vagaC
06-08-2024 21:19:33,esp32/inputs/c,  0.00,vagaC
06-08-2024 21:24:40,esp32/inputs/b,  1.00,vagaB
06-08-2024 21:29:29,esp32/inputs/c,  1.00,vagaC
06-08-2024 21:33:24,esp32/inputs/b,  0.00,vagaB
06-08-2024 21:35:59,esp32/inputs/b,  1.00,vagaB
06-08-2024 21:38:29,esp32/inputs/c,  0.00,vagaC
06-08-2024 21:43:25,esp32/inputs/a,  1.00,vagaA
06-08-2024 21:48:01,esp32/inputs/b,  0.00,vagaB
06-08-2024 21:53:45,esp32/inputs/b,  1.00,vagaB
06-08-2024 21:57:50,esp32/inputs/c,  1.00,vagaC
06-08-2024 22:02:59,esp32/inputs/c,  0.00,vagaC
06-08-2024 22:05:03,esp32/inputs/a,  0.00,vagaA
06-08-2024 22:08:04,esp32/inputs/d,  1.00,vagaD
06-08-2024 22:12:11,esp32/inputs/a,  1.00,vagaA
06-08-2024 22:16:33,esp32/inputs/a,  0.00,vagaA
06-08-2024 22:21:01,esp32/inputs/b,  0.00,vagaB
06-08-2024 22:26:21,esp32/inputs/a,  1.00,vagaA
06-08-2024 22:28:23,esp32/inputs/b,  1.00,vagaB
06-08-2024 22:32:03,esp32/inputs/c,  1.00,vagaC
06-08-2024 22:34:36,esp32/inputs/d,  0.00,vagaD
06-08-2024 22:41:34,esp32/inputs/d,  1.00,vagaD
06-08-2024 22:45:57,esp32/inputs/d,  0.00,vagaD
06-08-2024 22:52:37,esp32/inputs/c,  0.00,vagaC
06-08-2024 22:54:50,esp32/inputs/b,  0.00,vagaB
06-08-2024 23:01:41,esp32/inputs/c,  1.00,vagaC
06-08-2024 23:04:56,esp32/inputs/c,  0.00,vagaC
06-08-2024 23:07:36,esp32/inputs/c,  1.00,vagaC
06-08-2024 23:12:56,esp32/inputs/b,  1.00,vagaB
06-08-2024 23:17:01,esp32/inputs/b,  0.00,vagaB
06-08-2024 23:22:29,esp32/inputs/b,  1.00,vagaB
06-08-2024 23:27:36,esp32/inputs/c,  0.00,vagaC
06-08-2024 23:31:51,esp32/inputs/c,  1.00,vagaC
06-08-2024 23:36:05,esp32/inputs/a,  0.00,vagaA
06-08-2024 23:39:05,esp32/inputs/a,  1.00,vagaA
06-08-2024 23:46:01,esp32/inputs/c,  0.00,vagaC
06-08-2024 23:51:09,esp32/inputs/d,  1.00,vagaD
06-08-2024 23:53:43,esp32/inputs/a,  0.00,vagaA
07-08-2024 00:00:20,esp32/inputs/a,  1.00,vagaA
07-08-2024 00:03:11,esp32/inputs/b,  0.00,vagaB
07-08-2024 00:08:14,esp32/inputs/b,  1.00,vagaB
07-08-2024 00:14:13,esp32/inputs/d,  0.00,vagaD
07-08-2024 00:19:29,esp32/inputs/c,  1.00,vagaC
07-08-2024 00:22:57,esp32/inputs/c,  0.00,vagaC
07-08-2024 00:25:29,esp32/inputs/a,  0.00,vagaA
07-08-2024 00:29:52,esp32/inputs/c,  1.00,vagaC
07-08-2024 00:35:43,esp32/inputs/b,  0.00,vagaB
07-08-2024 00:41:32,esp32/inputs/c,  0.00,vagaC
07-08-2024 00:44:58,esp32/inputs/b,  1.00,vagaB
07-08-2024 00:49:12,esp32/inputs/a,  1.00,vagaA
07-08-2024 00:55:21,esp32/inputs/c,  1.00,vagaC
07-08-2024 00:57:58,esp32/inputs/b,  0.00,vagaB
07-08-2024 01:01:12,esp32/inputs/a,  0.00,vagaA
07-08-2024 01:04:44,esp32/inputs/d,  1.00,vagaD
07-08-2024 01:07:03,esp32/inputs/c,  0.00,vagaC
13-08-2024 20:03:14,esp32/inputs/a,  1.00,vagaA
13-08-2024 20:09:56,esp32/inputs/c,  1.00,vagaC
13-08-2024 20:15:17,esp32/inputs/b,  1.00,vagaB
13-08-2024 20:19:01,esp32/inputs/c,  0.00,vagaC
13-08-2024 20:23:58,esp32/inputs/a,  0.00,vagaA
13-08-2024 20:26:16,esp32/inputs/d,  1.00,vagaD
13-08-2024 20:29:38,esp32/inputs/c,  1.00,vagaC
13-08-2024 20:34:29,esp32/inputs/c,  0.00,vagaC
13-08-2024 20:40:48,esp32/inputs/a,  0.00,vagaA
13-08-2024 20:43:20,esp32/inputs/d,  1.00,vagaD
13-08-2024 20:45:46,esp32/inputs/a,  1.00,vagaA
13-08-2024 20:49:31,esp32/inputs/d,  0.00,vagaD
13-08-2024 20:53:11,esp32/inputs/c,  1.00,vagaC
13-08-2024 20:59:45,esp32/inputs/c,  0.00,vagaC
13-08-2024 21:04:51,esp32/inputs/c,  1.00,vagaC
13-08-2024 21:07:16,esp32/inputs/d,  1.00,vagaD
13-08-2024 21:12:53,esp32/inputs/d,  0.00,vagaD
13-08-2024 21:18:17,esp32/inputs/b,  1.00,vagaB
13-08-2024 21:20:41,esp32/inputs/d,  1.00,vagaD
13-08-2024 21:22:41,esp32/inputs/a,  0.00,vagaA
13-08-2024 21:25:56,esp32/inputs/d,  0.00,vagaD
13-08-2024 21:32:30,esp32/inputs/d,  1.00,vagaD
13-08-2024 21:37:55,esp32/inputs/a,  1.00,vagaA
13-08-2024 21:42:12,esp32/inputs/b,  0.00,vagaB
13-08-2024 21:49:09,esp32/inputs/a,  0.00,vagaA
13-08-2024 21:53:02,esp32/inputs/d,  0.00,vagaD
13-08-2024 21:55:26,esp32/inputs/d,  1.00,vagaD
13-08-2024 21:57:51,esp32/inputs/a,  1.00,vagaA
13-08-2024 21:59:55,esp32/inputs/b,  1.00,vagaB
13-08-2024 22:05:39,esp32/inputs/a,  0.00,vagaA
13-08-2024 22:12:05,esp32/inputs/b,  0.00,vagaB
13-08-2024 22:18:14,esp32/inputs/d,  0.00,vagaD
13-08-2024 22:21:42,esp32/inputs/b,  1.00,vagaB
13-08-2024 22:28:18,esp32/inputs/d,  1.00,vagaD
13-08-2024 22:32:24,esp32/inputs/b,  0.00,vagaB
13-08-2024 22:36:24,esp32/inputs/a,  1.00,vagaA
13-08-2024 22:39:21,esp32/inputs/a,  0.00,vagaA
13-08-2024 22:44:55,esp32/inputs/d,  0.00,vagaD
13-08-2024 22:51:37,esp32/inputs/c,  0.00,vagaC
13-08-2024 22:54:34,esp32/inputs/b,  1.00,vagaB
13-08-2024 23:00:32,esp32/inputs/a,  1.00,vagaA
13-08-2024 23:05:54,esp32/inputs/d,  1.00,vagaD
13-08-2024 23:11:59,esp32/inputs/a,  0.00,vagaA
13-08-2024 23:16:57,esp32/inputs/a,  1.00,vagaA
13-08-2024 23:19:59,esp32/inputs/a,  0.00,vagaA
13-08-2024 23:24:41,esp32/inputs/b,  0.00,vagaB
13-08-2024 23:28:13,esp32/inputs/d,  0.00,vagaD
13-08-2024 23:30:58,esp32/inputs/c,  1.00,vagaC
13-08-2024 23:34:41,esp32/inputs/a,  1.00,vagaA
13-08-2024 23:38:49,esp32/inputs/b,  1.00,vagaB
13-08-2024 23:41:05,esp32/inputs/c,  0.00,vagaC
13-08-2024 23:47:01,esp32/inputs/d,  1.00,vagaD
13-08-2024 23:51:31,esp32/inputs/b,  0.00,vagaB
13-08-2024 23:56:33,esp32/inputs/b,  1.00,vagaB
14-08-2024 00:01:46,esp32/inputs/d,  0.00,vagaD
14-08-2024 00:07:40,esp32/inputs/c,  1.00,vagaC
14-08-2024 00:12:58,esp32/inputs/c,  0.00,vagaC
14-08-2024 00:19:17,esp32/inputs/a,  0.00,vagaA
14-08-2024 00:24:17,esp32/inputs/a,  1.00,vagaA
14-08-2024 00:26:18,esp32/inputs/b,  0.00,vagaB
14-08-2024 00:29:55,esp32/inputs/a,  0.00,vagaA
14-08-2024 00:32:49,esp32/inputs/a,  1.00,vagaA
14-08-2024 00:36:59,esp32/inputs/b,  1.00,vagaB
14-08-2024 00:39:12,esp32/inputs/c,  1.00,vagaC
14-08-2024 00:43:13,esp32/inputs/a,  0.00,vagaA
14-08-2024 00:45:22,esp32/inputs/b,  0.00,vagaB
14-08-2024 00:49:44,esp32/inputs/c,  0.00,vagaC
14-08-2024 00:55:36,esp32/inputs/d,  1.00,vagaD
14-08-2024 01:00:33,esp32/inputs/c,  1.00,vagaC
14-08-2024 01:02:46,esp32/inputs/c,  0.00,vagaC
14-08-2024 01:08:22,esp32/inputs/a,  1.00,vagaA
14-08-2024 01:11:58,esp32/inputs/d,  0.00,vagaD
14-08-2024 01:14:08,esp32/inputs/b,  1.00,vagaB
14-08-2024 01:20:41,esp32/inputs/b,  0.00,vagaB
14-08-2024 01:25:34,esp32/inputs/d,  1.00,vagaD
14-08-2024 01:29:36,esp32/inputs/c,  1.00,vagaC
14-08-2024 01:34:38,esp32/inputs/a,  0.00,vagaA
14-08-2024 01:41:06,esp32/inputs/c,  0.00,vagaC
14-08-2024 01:44:02,esp32/inputs/d,  0.00,vagaD
14-08-2024 01:48:01,esp32/inputs/a,  1.00,vagaA
14-08-2024 01:53:31,esp32/inputs/b,  1.00,vagaB
14-08-2024 01:58:39,esp32/inputs/a,  0.00,vagaA
14-08-2024 02:01:22,esp32/inputs/b,  0.00,vagaB
14-08-2024 02:07:11,esp32/inputs/d,  1.00,vagaD
14-08-2024 02:13:36,esp32/inputs/a,  1.00,vagaA
14-08-2024 02:19:41,esp32/inputs/b,  1.00,vagaB
14-08-2024 02:26:39,esp32/inputs/c,  1.00,vagaC
14-08-2024 02:33:23,esp32/inputs/c,  0.00,vagaC
14-08-2024 02:39:31,esp32/inputs/b,  0.00,vagaB
14-08-2024 02:41:33,esp32/inputs/d,  0.00,vagaD
14-08-2024 02:46:45,esp32/inputs/c,  1.00,vagaC
14-08-2024 02:48:54,esp32/inputs/d,  1.00,vagaD
14-08-2024 02:53:31,esp32/inputs/c,  0.00,vagaC
14-08-2024 02:59:45,esp32/inputs/b,  1.00,vagaB
14-08-2024 03:04:00,esp32/inputs/a,  0.00,vagaA
14-08-2024 03:10:47,esp32/inputs/d,  0.00,vagaD
14-08-2024 03:16:55,esp32/inputs/a,  1.00,vagaA
14-08-2024 03:23:47,esp32/inputs/c,  1.00,vagaC
14-08-2024 03:28:29,esp32/inputs/a,  0.00,vagaA
14-08-2024 03:31:03,esp32/inputs/b,  0.00,vagaB
14-08-2024 03:36:57,esp32/inputs/d,  1.00,vagaD
14-08-2024 03:39:41,esp32/inputs/c,  0.00,vagaC
14-08-2024 03:44:35,esp32/inputs/c,  1.00,vagaC
14-08-2024 03:49:53,esp32/inputs/a,  1.00,vagaA
14-08-2024 03:54:06,esp32/inputs/c,  0.00,vagaC
14-08-2024 03:58:29,esp32/inputs/c,  1.00,vagaC
14-08-2024 04:05:12,esp32/inputs/c,  0.00,vagaC
14-08-2024 04:10:18,esp32/inputs/a,  0.00,vagaA
14-08-2024 04:15:46,esp32/inputs/d,  0.00,vagaD
14-08-2024 04:22:39,esp32/inputs/b,  1.00,vagaB
14-08-2024 04:27:18,esp32/inputs/b,  0.00,vagaB
14-08-2024 04:30:15,esp32/inputs/b,  1.00,vagaB
14-08-2024 04:33:56,esp32/inputs/d,  1.00,vagaD
14-08-2024 04:39:09,esp32/inputs/c,  1.00,vagaC
14-08-2024 04:43:42,esp32/inputs/b,  0.00,vagaB
14-08-2024 04:49:23,esp32/inputs/a,  1.00,vagaA
14-08-2024 04:54:22,esp32/inputs/a,  0.00,vagaA
14-08-2024 05:00:25,esp32/inputs/b,  1.00,vagaB
14-08-2024 05:02:49,esp32/inputs/d,  0.00,vagaD
14-08-2024 05:09:24,esp32/inputs/d,  1.00,vagaD
14-08-2024 05:12:30,esp32/inputs/c,  0.00,vagaC
14-08-2024 05:17:40,esp32/inputs/d,  0.00,vagaD
14-08-2024 05:20:37,esp32/inputs/b,  0.00,vagaB
14-08-2024 05:23:35,esp32/inputs/c,  1.00,vagaC
14-08-2024 05:28:20,esp32/inputs/b,  1.00,vagaB
14-08-2024 05:30:30,esp32/inputs/a,  1.00,vagaA
14-08-2024 05:37:22,esp32/inputs/b,  0.00,vagaB
14-08-2024 05:40:50,esp32/inputs/a,  0.00,vagaA
14-08-2024 05:44:26,esp32/inputs/d,  1.00,vagaD
14-08-2024 05:46:42,esp32/inputs/d,  0.00,vagaD
14-08-2024 05:49:12,esp32/inputs/a,  1.00,vagaA
14-08-2024 05:55:36,esp32/inputs/d,  1.00,vagaD
14-08-2024 06:00:36,esp32/inputs/b,  1.00,vagaB
14-08-2024 06:03:58,esp32/inputs/c,  0.00,vagaC
14-08-2024 06:09:31,esp32/inputs/a,  0.00,vagaA
14-08-2024 06:13:23,esp32/inputs/c,  1.00,vagaC
14-08-2024 06:20:18,esp32/inputs/a,  1.00,vagaA
14-08-2024 06:24:28,esp32/inputs/a,  0.00,vagaA
14-08-2024 06:27:31,esp32/inputs/c,  0.00,vagaC
14-08-2024 06:29:46,esp32/inputs/a,  1.00,vagaA
14-08-2024 06:35:21,esp32/inputs/b,  0.00,vagaB
14-08-2024 06:39:51,esp32/inputs/a,  0.00,vagaA
14-08-2024 06:46:28,esp32/inputs/c,  1.00,vagaC
14-08-2024 06:48:46,esp32/inputs/d,  0.00,vagaD
14-08-2024 06:53:59,esp32/inputs/a,  1.00,vagaA
14-08-2024 06:59:12,esp32/inputs/b,  1.00,vagaB
14-08-2024 07:01:16,esp32/inputs/b,  0.00,vagaB
14-08-2024 07:04:25,esp32/inputs/a,  0.00,vagaA
14-08-2024 07:08:34,esp32/inputs/d,  1.00,vagaD
14-08-2024 07:14:34,esp32/inputs/c,  0.00,vagaC
14-08-2024 07:16:49,esp32/inputs/a,  1.00,vagaA
14-08-2024 07:23:24,esp32/inputs/c,  1.00,vagaC
14-08-2024 07:25:45,esp32/inputs/a,  0.00,vagaA
14-08-2024 07:28:37,esp32/inputs/b,  1.00,vagaB
14-08-2024 07:32:33,esp32/inputs/a,  1.00,vagaA
14-08-2024 07:36:14,esp32/inputs/c,  0.00,vagaC
14-08-2024 07:38:14,esp32/inputs/a,  0.00,vagaA
14-08-2024 07:42:45,esp32/inputs/c,  1.00,vagaC
14-08-2024 07:46:44,esp32/inputs/a,  1.00,vagaA
14-08-2024 07:53:15,esp32/inputs/a,  0.00,vagaA
14-08-2024 08:00:02,esp32/inputs/a,  1.00,vagaA
14-08-2024 08:06:02,esp32/inputs/a,  0.00,vagaA
14-08-2024 08:11:59,esp32/inputs/a,  1.00,vagaA
14-08-2024 08:17:37,esp32/inputs/d,  0.00,vagaD
14-08-2024 08:21:04,esp32/inputs/a,  0.00,vagaA
14-08-2024 08:23:42,esp32/inputs/c,  0.00,vagaC
14-08-2024 08:29:11,esp32/inputs/b,  0.00,vagaB
14-08-2024 08:31:58,esp32/inputs/b,  1.00,vagaB
14-08-2024 08:34:21,esp32/inputs/a,  1.00,vagaA
14-08-2024 08:39:25,esp32/inputs/c,  1.00,vagaC
14-08-2024 08:44:28,esp32/inputs/b,  0.00,vagaB
14-08-2024 08:48:04,esp32/inputs/a,  0.00,vagaA
14-08-2024 08:53:20,esp32/inputs/d,  1.00,vagaD
14-08-2024 08:58:32,esp32/inputs/b,  1.00,vagaB
14-08-2024 09:03:54,esp32/inputs/c,  0.00,vagaC
14-08-2024 09:07:23,esp32/inputs/d,  0.00,vagaD
14-08-2024 09:14:05,esp32/inputs/c,  1.00,vagaC
14-08-2024 09:19:39,esp32/inputs/c,  0.00,vagaC
14-08-2024 09:23:34,esp32/inputs/a,  1.00,vagaA
14-08-2024 09:28:17,esp32/inputs/a,  0.00,vagaA
14-08-2024 09:31:20,esp32/inputs/d,  1.00,vagaD
14-08-2024 09:36:14,esp32/inputs/b,  0.00,vagaB
14-08-2024 09:39:47,esp32/inputs/c,  1.00,vagaC
14-08-2024 09:42:09,esp32/inputs/b,  1.00,vagaB
14-08-2024 09:44:11,esp32/inputs/b,  0.00,vagaB
14-08-2024 09:51:07,esp32/inputs/d,  0.00,vagaD
14-08-2024 09:57:22,esp32/inputs/d,  1.00,vagaD
14-08-2024 10:02:07,esp32/inputs/d,  0.00,vagaD
14-08-2024 10:06:28,esp32/inputs/b,  1.00,vagaB
14-08-2024 10:08:56,esp32/inputs/c,  0.00,vagaC
14-08-2024 10:11:07,esp32/inputs/c,  1.00,vagaC
14-08-2024 10:17:40,esp32/inputs/b,  0.00,vagaB
14-08-2024 10:23:16,esp32/inputs/b,  1.00,vagaB
14-08-2024 10:28:32,esp32/inputs/c,  0.00,vagaC
14-08-2024 10:34:42,esp32/inputs/b,  0.00,vagaB
14-08-2024 10:39:11,esp32/inputs/d,  1.00,vagaD
14-08-2024 10:43:49,esp32/inputs/b,  1.00,vagaB
14-08-2024 10:46:28,esp32/inputs/c,  1.00,vagaC
14-08-2024 10:52:15,esp32/inputs/b,  0.00,vagaB
14-08-2024 10:55:39,esp32/inputs/d,  0.00,vagaD
14-08-2024 11:01:20,esp32/inputs/d,  1.00,vagaD
14-08-2024 11:03:38,esp32/inputs/d,  0.00,vagaD
14-08-2024 11:10:35,esp32/inputs/c,  0.00,vagaC
14-08-2024 11:14:47,esp32/inputs/d,  1.00,vagaD
14-08-2024 11:19:38,esp32/inputs/a,  1.00,vagaA
14-08-2024 11:23:53,esp32/inputs/a,  0.00,vagaA
14-08-2024 11:30:24,esp32/inputs/d,  0.00,vagaD
14-08-2024 11:33:37,esp32/inputs/d,  1.00,vagaD
14-08-2024 11:40:22,esp32/inputs/d,  0.00,vagaD
14-08-2024 11:43:52,esp32/inputs/b,  1.00,vagaB
14-08-2024 11:48:01,esp32/inputs/c,  1.00,vagaC
14-08-2024 11:54:48,esp32/inputs/a,  1.00,vagaA
14-08-2024 12:00:14,esp32/inputs/d,  1.00,vagaD
14-08-2024 12:03:32,esp32/inputs/d,  0.00,vagaD
14-08-2024 12:09:32,esp32/inputs/b,  0.00,vagaB
14-08-2024 12:14:17,esp32/inputs/c,  0.00,vagaC
14-08-2024 12:18:06,esp32/inputs/d,  1.00,vagaD
14-08-2024 12:24:32,esp32/inputs/a,  0.00,vagaA
14-08-2024 12:30:27,esp32/inputs/d,  0.00,vagaD
14-08-2024 12:35:07,esp32/inputs/a,  1.00,vagaA
14-08-2024 12:39:06,esp32/inputs/a,  0.00,vagaA
14-08-2024 12:43:22,esp32/inputs/a,  1.00,vagaA
14-08-2024 12:49:34,esp32/inputs/c,  1.00,vagaC
14-08-2024 12:53:14,esp32/inputs/b,  1.00,vagaB
14-08-2024 12:56:39,esp32/inputs/a,  0.00,vagaA
14-08-2024 12:58:58,esp32/inputs/c,  0.00,vagaC
14-08-2024 13:02:38,esp32/inputs/c,  1.00,vagaC
14-08-2024 13:05:20,esp32/inputs/d,  1.00,vagaD
14-08-2024 13:10:17,esp32/inputs/b,  0.00,vagaB
14-08-2024 13:15:48,esp32/inputs/a,  1.00,vagaA
14-08-2024 13:18:05,esp32/inputs/d,  0.00,vagaD
14-08-2024 13:20:21,esp32/inputs/b,  1.00,vagaB
14-08-2024 13:25:46,esp32/inputs/d,  1.00,vagaD
14-08-2024 13:32:12,esp32/inputs/d,  0.00,vagaD
14-08-2024 13:38:06,esp32/inputs/d,  1.00,vagaD
14-08-2024 13:42:21,esp32/inputs/b,  0.00,vagaB
14-08-2024 13:46:13,esp32/inputs/d,  0.00,vagaD
14-08-2024 13:48:59,esp32/inputs/c,  0.00,vagaC
14-08-2024 13:54:30,esp32/inputs/b,  1.00,vagaB
14-08-2024 13:57:14,esp32/inputs/d,  1.00,vagaD
14-08-2024 14:01:56,esp32/inputs/b,  0.00,vagaB
14-08-2024 14:07:01,esp32/inputs/b,  1.00,vagaB
14-08-2024 14:11:54,esp32/inputs/b,  0.00,vagaB
14-08-2024 14:18:48,esp32/inputs/a,  0.00,vagaA
14-08-2024 14:22:13,esp32/inputs/c,  1.00,vagaC
14-08-2024 14:24:20,esp32/inputs/a,  1.00,vagaA
14-08-2024 14:26:22,esp32/inputs/a,  0.00,vagaA
14-08-2024 14:29:43,esp32/inputs/b,  1.00,vagaB
14-08-2024 14:32:40,esp32/inputs/b,  0.00,vagaB
14-08-2024 14:38:03,esp32/inputs/b,  1.00,vagaB
14-08-2024 14:44:22,esp32/inputs/b,  0.00,vagaB
14-08-2024 14:50:41,esp32/inputs/c,  0.00,vagaC
14-08-2024 14:56:55,esp32/inputs/a,  1.00,vagaA
14-08-2024 15:02:41,esp32/inputs/a,  0.00,vagaA
14-08-2024 15:05:31,esp32/inputs/b,  1.00,vagaB
14-08-2024 15:09:56,esp32/inputs/c,  1.00,vagaC
14-08-2024 15:13:19,esp32/inputs/a,  1.00,vagaA
14-08-2024 15:17:05,esp32/inputs/d,  0.00,vagaD
14-08-2024 15:20:56,esp32/inputs/a,  0.00,vagaA
14-08-2024 15:24:00,esp32/inputs/c,  0.00,vagaC
14-08-2024 15:27:15,esp32/inputs/c,  1.00,vagaC
14-08-2024 15:31:57,esp32/inputs/d,  1.00,vagaD
14-08-2024 15:34:13,esp32/inputs/c,  0.00,vagaC
14-08-2024 15:40:39,esp32/inputs/b,  0.00,vagaB
14-08-2024 15:46:15,esp32/inputs/d,  0.00,vagaD
14-08-2024 15:48:35,esp32/inputs/b,  1.00,vagaB
14-08-2024 15:53:31,esp32/inputs/b,  0.00,vagaB
14-08-2024 15:58:17,esp32/inputs/d,  1.00,vagaD
14-08-2024 16:01:30,esp32/inputs/d,  0.00,vagaD
14-08-2024 16:04:41,esp32/inputs/b,  1.00,vagaB
14-08-2024 16:11:15,esp32/inputs/d,  1.00,vagaD
14-08-2024 16:13:52,esp32/inputs/b,  0.00,vagaB
14-08-2024 16:18:57,esp32/inputs/b,  1.00,vagaB
14-08-2024 16:23:56,esp32/inputs/b,  0.00,vagaB
14-08-2024 16:28:01,esp32/inputs/c,  1.00,vagaC
14-08-2024 16:30:54,esp32/inputs/c,  0.00,vagaC
14-08-2024 16:37:29,esp32/inputs/d,  0.00,vagaD
14-08-2024 16:40:33,esp32/inputs/b,  1.00,vagaB
14-08-2024 16:45:37,esp32/inputs/a,  1.00,vagaA
14-08-2024 16:50:02,esp32/inputs/d,  1.00,vagaD
14-08-2024 16:55:07,esp32/inputs/b,  0.00,vagaB
14-08-2024 17:01:32,esp32/inputs/a,  0.00,vagaA
14-08-2024 17:08:09,esp32/inputs/a,  1.00,vagaA
14-08-2024 17:12:04,esp32/inputs/d,  0.00,vagaD
14-08-2024 17:15:56,esp32/inputs/d,  1.00,vagaD
14-08-2024 17:22:00,esp32/inputs/a,  0.00,vagaA
14-08-2024 17:24:01,esp32/inputs/d,  0.00,vagaD
14-08-2024 17:28:49,esp32/inputs/c,  1.00,vagaC
14-08-2024 17:31:54,esp32/inputs/d,  1.00,vagaD
14-08-2024 17:35:07,esp32/inputs/b,  1.00,vagaB
14-08-2024 17:38:14,esp32/inputs/b,  0.00,vagaB
14-08-2024 17:43:48,esp32/inputs/a,  1.00,vagaA
14-08-2024 17:47:56,esp32/inputs/c,  0.00,vagaC
14-08-2024 17:53:02,esp32/inputs/a,  0.00,vagaA
14-08-2024 17:56:43,esp32/inputs/b,  1.00,vagaB
14-08-2024 18:01:29,esp32/inputs/d,  0.00,vagaD
14-08-2024 18:06:58,esp32/inputs/c,  1.00,vagaC
14-08-2024 18:11:07,esp32/inputs/a,  1.00,vagaA
14-08-2024 18:13:07,esp32/inputs/b,  0.00,vagaB
14-08-2024 18:19:33,esp32/inputs/a,  0.00,vagaA
14-08-2024 18:23:31,esp32/inputs/a,  1.00,vagaA
14-08-2024 18:27:09,esp32/inputs/a,  0.00,vagaA
14-08-2024 18:31:05,esp32/inputs/c,  0.00,vagaC
14-08-2024 18:34:45,esp32/inputs/b,  1.00,vagaB
14-08-2024 18:39:57,esp32/inputs/b,  0.00,vagaB
14-08-2024 18:42:27,esp32/inputs/d,  1.00,vagaD
14-08-2024 18:46:20,esp32/inputs/c,  1.00,vagaC
14-08-2024 18:48:54,esp32/inputs/a,  1.00,vagaA
14-08-2024 18:51:19,esp32/inputs/c,  0.00,vagaC
14-08-2024 18:53:36,esp32/inputs/b,  1.00,vagaB
14-08-2024 18:55:45,esp32/inputs/d,  0.00,vagaD
14-08-2024 18:59:49,esp32/inputs/c,  1.00,vagaC
14-08-2024 19:05:18,esp32/inputs/a,  0.00,vagaA
14-08-2024 19:10:35,esp32/inputs/d,  1.00,vagaD
14-08-2024 19:17:32,esp32/inputs/c,  0.00,vagaC
14-08-2024 19:24:21,esp32/inputs/b,  0.00,vagaB
14-08-2024 19:28:02,esp32/inputs/d,  0.00,vagaD
14-08-2024 19:30:34,esp32/inputs/a,  1.00,vagaA
14-08-2024 19:34:41,esp32/inputs/d,  1.00,vagaD
14-08-2024 19:39:50,esp32/inputs/a,  0.00,vagaA
14-08-2024 19:44:04,esp32/inputs/d,  0.00,vagaD
14-08-2024 19:49:33,esp32/inputs/a,  1.00,vagaA
14-08-2024 19:55:33,esp32/inputs/c,  1.00,vagaC
14-08-2024 19:58:13,esp32/inputs/d,  1.00,vagaD
14-08-2024 20:02:50,esp32/inputs/c,  0.00,vagaC
14-08-2024 20:07:00,esp32/inputs/b,  1.00,vagaB
14-08-2024 20:11:39,esp32/inputs/a,  0.00,vagaA
14-08-2024 20:17:32,esp32/inputs/d,  0.00,vagaD
14-08-2024 20:20:14,esp32/inputs/a,  1.00,vagaA
14-08-2024 20:26:21,esp32/inputs/b,  0.00,vagaB
14-08-2024 20:32:25,esp32/inputs/d,  1.00,vagaD
14-08-2024 20:35:05,esp32/inputs/b,  1.00,vagaB
14-08-2024 20:37:07,esp32/inputs/a,  0.00,vagaA
14-08-2024 20:42:02,esp32/inputs/a,  1.00,vagaA
14-08-2024 20:47:16,esp32/inputs/c,  1.00,vagaC
14-08-2024 20:53:53,esp32/inputs/b,  0.00,vagaB
14-08-2024 20:59:05,esp32/inputs/d,  0.00,vagaD
14-08-2024 21:05:36,esp32/inputs/d,  1.00,vagaD
14-08-2024 21:07:48,esp32/inputs/c,  0.00,vagaC
14-08-2024 21:12:00,esp32/inputs/b,  1.00,vagaB
14-08-2024 21:14:46,esp32/inputs/c,  1.00,vagaC
14-08-2024 21:16:47,esp32/inputs/d,  0.00,vagaD
14-08-2024 21:19:04,esp32/inputs/b,  0.00,vagaB
14-08-2024 21:24:49,esp32/inputs/c,  0.00,vagaC
14-08-2024 21:30:18,esp32/inputs/d,  1.00,vagaD
14-08-2024 21:34:09,esp32/inputs/a,  0.00,vagaA
14-08-2024 21:38:56,esp32/inputs/a,  1.00,vagaA
14-08-2024 21:44:00,esp32/inputs/c,  1.00,vagaC
14-08-2024 21:50:38,esp32/inputs/a,  0.00,vagaA
14-08-2024 21:54:22,esp32/inputs/a,  1.00,vagaA
14-08-2024 21:59:00,esp32/inputs/c,  0.00,vagaC
14-08-2024 22:03:24,esp32/inputs/b,  1.00,vagaB
14-08-2024 22:09:55,esp32/inputs/c,  1.00,vagaC
14-08-2024 22:15:28,esp32/inputs/b,  0.00,vagaB
14-08-2024 22:21:17,esp32/inputs/c,  0.00,vagaC
14-08-2024 22:27:08,esp32/inputs/a,  0.00,vagaA
14-08-2024 22:30:33,esp32/inputs/d,  0.00,vagaD
14-08-2024 22:33:40,esp32/inputs/c,  1.00,vagaC
14-08-2024 22:35:56,esp32/inputs/a,  1.00,vagaA
14-08-2024 22:38:24,esp32/inputs/c,  0.00,vagaC
14-08-2024 22:44:05,esp32/inputs/c,  1.00,vagaC
14-08-2024 22:46:08,esp32/inputs/c,  0.00,vagaC
14-08-2024 22:50:46,esp32/inputs/a,  0.00,vagaA
14-08-2024 22:53:53,esp32/inputs/b,  1.00,vagaB
14-08-2024 22:58:12,esp32/inputs/d,  1.00,vagaD
14-08-2024 23:02:21,esp32/inputs/d,  0.00,vagaD
14-08-2024 23:09:20,esp32/inputs/a,  1.00,vagaA
14-08-2024 23:15:11,esp32/inputs/a,  0.00,vagaA
14-08-2024 23:18:15,esp32/inputs/c,  1.00,vagaC
14-08-2024 23:24:24,esp32/inputs/a,  1.00,vagaA
14-08-2024 23:26:56,esp32/inputs/d,  1.00,vagaD
14-08-2024 23:30:39,esp32/inputs/d,  0.00,vagaD
14-08-2024 23:33:47,esp32/inputs/d,  1.00,vagaD
14-08-2024 23:36:15,esp32/inputs/b,  0.00,vagaB
14-08-2024 23:41:37,esp32/inputs/d,  0.00,vagaD
14-08-2024 23:48:19,esp32/inputs/a,  0.00,vagaA
14-08-2024 23:54:46,esp32/inputs/b,  1.00,vagaB
14-08-2024 23:58:24,esp32/inputs/d,  1.00,vagaD
15-08-2024 00:00:39,esp32/inputs/c,  0.00,vagaC
15-08-2024 00:04:21,esp32/inputs/a,  1.00,vagaA
15-08-2024 00:09:29,esp32/inputs/c,  1.00,vagaC
15-08-2024 00:12:07,esp32/inputs/d,  0.00,vagaD
15-08-2024 00:17:48,esp32/inputs/c,  0.00,vagaC
15-08-2024 00:23:58,esp32/inputs/c,  1.00,vagaC
15-08-2024 00:28:34,esp32/inputs/a,  0.00,vagaA
15-08-2024 00:32:16,esp32/inputs/c,  0.00,vagaC
15-08-2024 00:35:37,esp32/inputs/b,  0.00,vagaB
15-08-2024 00:38:06,esp32/inputs/b,  1.00,vagaB
15-08-2024 00:44:06,esp32/inputs/a,  1.00,vagaA
15-08-2024 00:47:08,esp32/inputs/a,  0.00,vagaA
15-08-2024 00:49:19,esp32/inputs/c,  1.00,vagaC
15-08-2024 00:54:35,esp32/inputs/d,  1.00,vagaD
15-08-2024 01:00:19,esp32/inputs/c,  0.00,vagaC
15-08-2024 01:04:55,esp32/inputs/d,  0.00,vagaD
15-08-2024 01:08:15,esp32/inputs/d,  1.00,vagaD
15-08-2024 01:13:31,esp32/inputs/b,  0.00,vagaB
15-08-2024 01:17:51,esp32/inputs/a,  1.00,vagaA
15-08-2024 01:20:51,esp32/inputs/d,  0.00,vagaD
15-08-2024 01:22:55,esp32/inputs/a,  0.00,vagaA
15-08-2024 01:28:09,esp32/inputs/d,  1.00,vagaD
15-08-2024 01:30:14,esp32/inputs/d,  0.00,vagaD
15-08-2024 01:34:32,esp32/inputs/a,  1.00,vagaA
15-08-2024 01:37:54,esp32/inputs/c,  1.00,vagaC
15-08-2024 01:39:55,esp32/inputs/d,  1.00,vagaD
15-08-2024 01:46:32,esp32/inputs/a,  0.00,vagaA
15-08-2024 01:51:21,esp32/inputs/b,  1.00,vagaB
15-08-2024 01:57:32,esp32/inputs/a,  1.00,vagaA
15-08-2024 02:03:43,esp32/inputs/c,  0.00,vagaC
15-08-2024 02:07:08,esp32/inputs/b,  0.00,vagaB
15-08-2024 02:10:27,esp32/inputs/b,  1.00,vagaB
15-08-2024 02:12:59,esp32/inputs/b,  0.00,vagaB
15-08-2024 02:19:25,esp32/inputs/c,  1.00,vagaC
15-08-2024 02:22:37,esp32/inputs/d,  0.00,vagaD
15-08-2024 02:27:55,esp32/inputs/a,  0.00,vagaA
15-08-2024 02:33:21,esp32/inputs/b,  1.00,vagaB
15-08-2024 02:36:03,esp32/inputs/c,  0.00,vagaC
15-08-2024 02:42:40,esp32/inputs/a,  1.00,vagaA
15-08-2024 02:44:41,esp32/inputs/a,  0.00,vagaA
15-08-2024 02:48:43,esp32/inputs/c,  1.00,vagaC
15-08-2024 02:54:17,esp32/inputs/c,  0.00,vagaC
15-08-2024 03:01:12,esp32/inputs/a,  1.00,vagaA
15-08-2024 03:04:17,esp32/inputs/a,  0.00,vagaA
15-08-2024 03:06:35,esp32/inputs/d,  1.00,vagaD
15-08-2024 03:09:54,esp32/inputs/c,  1.00,vagaC
15-08-2024 03:12:48,esp32/inputs/d,  0.00,vagaD
15-08-2024 03:16:27,esp32/inputs/b,  0.00,vagaB
15-08-2024 03:21:59,esp32/inputs/d,  1.00,vagaD
15-08-2024 03:26:23,esp32/inputs/d,  0.00,vagaD
15-08-2024 03:30:44,esp32/inputs/c,  0.00,vagaC
15-08-2024 03:34:17,esp32/inputs/d,  1.00,vagaD
15-08-2024 03:39:58,esp32/inputs/a,  1.00,vagaA
15-08-2024 03:44:25,esp32/inputs/a,  0.00,vagaA
15-08-2024 03:49:55,esp32/inputs/b,  1.00,vagaB
15-08-2024 03:54:59,esp32/inputs/c,  1.00,vagaC
15-08-2024 04:01:26,esp32/inputs/d,  0.00,vagaD
15-08-2024 04:03:44,esp32/inputs/c,  0.00,vagaC
15-08-2024 04:09:58,esp32/inputs/b,  0.00,vagaB
15-08-2024 04:16:37,esp32/inputs/a,  1.00,vagaA
15-08-2024 04:18:37,esp32/inputs/c,  1.00,vagaC
15-08-2024 04:22:01,esp32/inputs/d,  1.00,vagaD
15-08-2024 04:25:25,esp32/inputs/c,  0.00,vagaC
15-08-2024 04:32:01,esp32/inputs/b,  1.00,vagaB
15-08-2024 04:37:31,esp32/inputs/d,  0.00,vagaD
15-08-2024 04:42:42,esp32/inputs/c,  1.00,vagaC
15-08-2024 04:44:53,esp32/inputs/d,  1.00,vagaD
15-08-2024 04:47:15,esp32/inputs/b,  0.00,vagaB
15-08-2024 04:53:51,esp32/inputs/c,  0.00,vagaC
15-08-2024 05:00:41,esp32/inputs/b,  1.00,vagaB
15-08-2024 05:03:38,esp32/inputs/d,  0.00,vagaD
15-08-2024 05:05:42,esp32/inputs/c,  1.00,vagaC
15-08-2024 05:10:00,esp32/inputs/d,  1.00,vagaD
15-08-2024 05:13:55,esp32/inputs/c,  0.00,vagaC
15-08-2024 05:17:09,esp32/inputs/b,  0.00,vagaB
15-08-2024 05:22:34,esp32/inputs/b,  1.00,vagaB
15-08-2024 05:26:27,esp32/inputs/a,  0.00,vagaA
15-08-2024 05:31:51,esp32/inputs/c,  1.00,vagaC
15-08-2024 05:37:56,esp32/inputs/a,  1.00,vagaA
15-08-2024 05:40:48,esp32/inputs/b,  0.00,vagaB
15-08-2024 05:47:39,esp32/inputs/d,  0.00,vagaD
15-08-2024 05:51:23,esp32/inputs/a,  0.00,vagaA
15-08-2024 05:56:02,esp32/inputs/d,  1.00,vagaD
15-08-2024 05:59:03,esp32/inputs/b,  1.00,vagaB
15-08-2024 06:04:35,esp32/inputs/a,  1.00,vagaA
15-08-2024 06:07:53,esp32/inputs/d,  0.00,vagaD
15-08-2024 06:14:41,esp32/inputs/a,  0.00,vagaA
15-08-2024 06:20:05,esp32/inputs/c,  0.00,vagaC
15-08-2024 06:25:59,esp32/inputs/d,  1.00,vagaD
15-08-2024 06:28:20,esp32/inputs/d,  0.00,vagaD
15-08-2024 06:32:15,esp32/inputs/b,  0.00,vagaB
15-08-2024 06:34:52,esp32/inputs/c,  1.00,vagaC
15-08-2024 06:39:10,esp32/inputs/b,  1.00,vagaB
15-08-2024 06:45:27,esp32/inputs/a,  1.00,vagaA
15-08-2024 06:49:15,esp32/inputs/c,  0.00,vagaC
15-08-2024 06:52:30,esp32/inputs/c,  1.00,vagaC
15-08-2024 06:56:08,esp32/inputs/c,  0.00,vagaC
15-08-2024 07:02:49,esp32/inputs/c,  1.00,vagaC
15-08-2024 07:08:15,esp32/inputs/b,  0.00,vagaB
15-08-2024 07:12:35,esp32/inputs/c,  0.00,vagaC
15-08-2024 07:18:58,esp32/inputs/a,  0.00,vagaA
15-08-2024 07:25:20,esp32/inputs/b,  1.00,vagaB
15-08-2024 07:31:20,esp32/inputs/d,  1.00,vagaD
15-08-2024 07:34:41,esp32/inputs/b,  0.00,vagaB
15-08-2024 07:40:23,esp32/inputs/d,  0.00,vagaD
15-08-2024 07:43:32,esp32/inputs/a,  1.00,vagaA
15-08-2024 07:48:39,esp32/inputs/c,  1.00,vagaC
15-08-2024 07:53:43,esp32/inputs/a,  0.00,vagaA
15-08-2024 07:57:25,esp32/inputs/d,  1.00,vagaD
15-08-2024 08:03:00,esp32/inputs/c,  0.00,vagaC
15-08-2024 08:08:11,esp32/inputs/a,  1.00,vagaA
15-08-2024 08:12:02,esp32/inputs/a,  0.00,vagaA
15-08-2024 08:16:13,esp32/inputs/c,  1.00,vagaC
15-08-2024 08:21:25,esp32/inputs/b,  1.00,vagaB
15-08-2024 08:27:32,esp32/inputs/b,  0.00,vagaB
15-08-2024 08:34:10,esp32/inputs/b,  1.00,vagaB
15-08-2024 08:36:24,esp32/inputs/d,  0.00,vagaD
15-08-2024 08:38:43,esp32/inputs/c,  0.00,vagaC
15-08-2024 08:41:18,esp32/inputs/d,  1.00,vagaD
15-08-2024 08:46:46,esp32/inputs/b,  0.00,vagaB
15-08-2024 08:51:21,esp32/inputs/a,  1.00,vagaA
15-08-2024 08:53:25,esp32/inputs/b,  1.00,vagaB
15-08-2024 08:56:13,esp32/inputs/d,  0.00,vagaD
15-08-2024 09:01:42,esp32/inputs/b,  0.00,vagaB
15-08-2024 09:06:20,esp32/inputs/c,  1.00,vagaC
15-08-2024 09:11:40,esp32/inputs/d,  1.00,vagaD
15-08-2024 09:18:06,esp32/inputs/d,  0.00,vagaD
15-08-2024 09:21:40,esp32/inputs/d,  1.00,vagaD
15-08-2024 09:25:50,esp32/inputs/b,  1.00,vagaB
15-08-2024 09:28:16,esp32/inputs/a,  0.00,vagaA
15-08-2024 09:33:16,esp32/inputs/d,  0.00,vagaD
15-08-2024 09:36:59,esp32/inputs/b,  0.00,vagaB
15-08-2024 09:41:02,esp32/inputs/b,  1.00,vagaB
15-08-2024 09:45:36,esp32/inputs/c,  0.00,vagaC
15-08-2024 09:51:04,esp32/inputs/b,  0.00,vagaB
15-08-2024 09:55:41,esp32/inputs/b,  1.00,vagaB
15-08-2024 10:02:16,esp32/inputs/c,  1.00,vagaC
15-08-2024 10:05:31,esp32/inputs/c,  0.00,vagaC
15-08-2024 10:10:59,esp32/inputs/d,  1.00,vagaD
15-08-2024 10:14:16,esp32/inputs/d,  0.00,vagaD
15-08-2024 10:20:59,esp32/inputs/a,  1.00,vagaA
15-08-2024 10:26:38,esp32/inputs/a,  0.00,vagaA
15-08-2024 10:29:03,esp32/inputs/c,  1.00,vagaC
15-08-2024 10:33:47,esp32/inputs/c,  0.00,vagaC
15-08-2024 10:37:46,esp32/inputs/d,  1.00,vagaD
15-08-2024 10:41:23,esp32/inputs/d,  0.00,vagaD
15-08-2024 10:46:05,esp32/inputs/d,  1.00,vagaD
15-08-2024 10:49:25,esp32/inputs/b,  0.00,vagaB
15-08-2024 10:53:35,esp32/inputs/d,  0.00,vagaD
15-08-2024 10:59:36,esp32/inputs/c,  1.00,vagaC
15-08-2024 11:03:44,esp32/inputs/b,  1.00,vagaB
15-08-2024 11:06:48,esp32/inputs/b,  0.00,vagaB
15-08-2024 11:11:48,esp32/inputs/d,  1.00,vagaD
15-08-2024 11:17:37,esp32/inputs/d,  0.00,vagaD
15-08-2024 11:22:50,esp32/inputs/b,  1.00,vagaB
15-08-2024 11:28:24,esp32/inputs/a,  1.00,vagaA
15-08-2024 11:33:24,esp32/inputs/b,  0.00,vagaB
15-08-2024 11:38:49,esp32/inputs/d,  1.00,vagaD
15-08-2024 11:44:11,esp32/inputs/b,  1.00,vagaB
15-08-2024 11:48:10,esp32/inputs/c,  0.00,vagaC
15-08-2024 11:52:15,esp32/inputs/b,  0.00,vagaB
15-08-2024 11:55:58,esp32/inputs/b,  1.00,vagaB
15-08-2024 12:01:40,esp32/inputs/b,  0.00,vagaB
15-08-2024 12:06:33,esp32/inputs/d,  0.00,vagaD
15-08-2024 12:09:53,esp32/inputs/d,  1.00,vagaD
15-08-2024 12:14:05,esp32/inputs/a,  0.00,vagaA
15-08-2024 12:20:19,esp32/inputs/a,  1.00,vagaA
15-08-2024 12:26:27,esp32/inputs/c,  1.00,vagaC
15-08-2024 12:33:23,esp32/inputs/c,  0.00,vagaC
15-08-2024 12:39:57,esp32/inputs/b,  1.00,vagaB
15-08-2024 12:46:43,esp32/inputs/a,  0.00,vagaA
15-08-2024 12:50:59,esp32/inputs/a,  1.00,vagaA
15-08-2024 12:53:26,esp32/inputs/d,  0.00,vagaD
15-08-2024 12:55:57,esp32/inputs/a,  0.00,vagaA
15-08-2024 13:01:29,esp32/inputs/d,  1.00,vagaD
15-08-2024 13:05:24,esp32/inputs/c,  1.00,vagaC
15-08-2024 13:07:30,esp32/inputs/d,  0.00,vagaD
15-08-2024 13:13:05,esp32/inputs/d,  1.00,vagaD
15-08-2024 13:15:28,esp32/inputs/a,  1.00,vagaA
15-08-2024 13:21:09,esp32/inputs/a,  0.00,vagaA
15-08-2024 13:26:39,esp32/inputs/c,  0.00,vagaC
15-08-2024 13:32:51,esp32/inputs/b,  0.00,vagaB
15-08-2024 13:38:49,esp32/inputs/a,  1.00,vagaA
15-08-2024 13:44:12,esp32/inputs/d,  0.00,vagaD
15-08-2024 13:50:44,esp32/inputs/c,  1.00,vagaC
15-08-2024 13:57:24,esp32/inputs/d,  1.00,vagaD
15-08-2024 14:02:53,esp32/inputs/a,  0.00,vagaA
15-08-2024 14:09:13,esp32/inputs/a,  1.00,vagaA
15-08-2024 14:13:06,esp32/inputs/a,  0.00,vagaA
15-08-2024 14:17:56,esp32/inputs/a,  1.00,vagaA
15-08-2024 14:21:08,esp32/inputs/c,  0.00,vagaC
15-08-2024 14:24:23,esp32/inputs/b,  1.00,vagaB
15-08-2024 14:28:58,esp32/inputs/b,  0.00,vagaB
15-08-2024 14:35:42,esp32/inputs/d,  0.00,vagaD
15-08-2024 14:39:42,esp32/inputs/d,  1.00,vagaD
15-08-2024 14:42:39,esp32/inputs/d,  0.00,vagaD
